search_key,search_time,keyword,article_index,title,url,snippet,ai_summary
오픈클로 사례-202602130502,2026-02-13 05:02:13,오픈클로 사례,1,[단독] 배달의민족도 '오픈클로' 차단… 자율형 AI 에이전트 경계심 확산,https://www.joongang.co.kr/article/25404362,"중앙일보 회원만열람 가능한 기사입니다. [...] 11일 정보기술(IT) 업계에 따르면 배달의민족은 최근 “오픈클로의 사내망 접속을 차단한다”는 지침을 사내에 공지했다. 오픈클로는 개발자 커뮤니티를 중심으로 빠르게 확산하고 있는 AI 에이전트다. 사용자가 세부 지시를 내리지 않아도 AI가 스스로 판단해 PC를 조작하고 작업을 수행하는 구조를 갖고 있다. 특히 여러 오픈 클로가 서로 대화를 나누고 관계를 맺는 AI 전용 소셜네트워크서비스(SNS)인 ‘몰트북’이 등장하며, ‘AI가 혼자 일하고, AI끼리 소통하는 단계’를 상징하는 사례로 관심을 끌었다.

그러나 기업 환경에서 사용할 시 내부 시스템 통제권이 약화될 수 있다는 우려가 나오자 IT 업계에선 선긋기에 나섰다. 배달의민족은 내부 공지에서 “오픈클로는 AI가 PC 입력 장치를 직접 제어하고 외부 서버와 통신하는 구조로, 비인가 동작 수행이나 보안 설정을 임의로 변경할 위험이 있다”며 “업무 과정에서 생성·열람되는 이메일, 소스 코드, 기밀 문서 등이 외부 AI API 서버로 여과 없이 전송될 수 있다”고 밝혔다.

또 “외부 데이터를 읽는 과정에서 악성 명령에 노출될 경우 AI가 공격자 의도대로 동작할 가능성도 존재한다”며 관련 도구의 즉시 사용 중단과 삭제를 요청했다. 회사는 사내 보안 솔루션을 통해 기술적 실행 차단도 병행할 방침이다. 김정훈 우아한형제들 정보보호최고책임자(CISO)는 “잠재적인 데이터 유출 경로를 차단해 보안 환경의 불확실성을 최소화하고 사용자 정보를 보호하기 위한 것”이라고 말했다.

## 이게 무슨 의미야 [...] 몰트북은 그래서 단순한 실험이라기보다, 질문에 가깝다. AI가 도구로 남을지, 아니면 인터넷에서 또 하나의 ‘행위자’로 자리 잡을지. 인간을 대신해 클릭하고, 읽고, 판단하는 존재가 서로 연결되기 시작했을 때 우리는 어디까지를 위임하고, 어디서부터 다시 통제해야 할까.  
 

권유진 기자 kwen.yujin@joongang.co.kr","다음은 뉴스 기사들의 핵심 내용 요약입니다.

*   국내 주요 IT 기업들(네이버, 카카오, 배달의민족, 당근 등)이 사용자의 PC를 자율적으로 조작하는 AI 에이전트 '오픈클로'의 사내 사용을 전면 금지했습니다. 이는 AI가 스스로 판단해 작업을 수행하며 기밀 유출이나 오작동을 일으킬 수 있다는 보안 우려 때문입니다.
*   오픈클로는 AI가 직접 키보드와 마우스를 제어하여 자료 수집, 보고서 작성 등 사람의 일을 대신할 수 있어 '아이언맨의 자비스'에 비유되기도 합니다. 또한 AI 전용 소셜네트워크서비스 '몰트북'에서 AI끼리 소통하는 단계까지 이르렀습니다.
*   하지만 기업들은 오픈클로가 내부 시스템 통제권을 약화시키고, 이메일이나 소스 코드, 기밀 문서 등이 외부 AI 서버로 전송되거나 악성 명령에 노출될 위험이 크다고 지적합니다. 실제로 API 키 노출 및 데이터 유출 사례가 보고되기도 했습니다.
*   중국 정부와 마이크로소프트 AI 안전팀도 오픈클로의 보안 취약성을 공식 경고하며 기업용 사용의 부적합성을 강조했습니다. 그럼에도 개발자들 사이에서는 편리함 때문에 별도의 PC를 활용해 사용이 확산하는 추세입니다.
*   전문가들은 오픈클로가 아직 기술적 한계가 많고 터무니없는 오작동(고가 결제, 투자금 손실 등) 및 심각한 보안 위협을 초래할 수 있다고 경고합니다. 따라서 막연한 기대나 공포보다는 직접 사용해보고 유용성과 한계를 가늠하며 세밀한 통제와 보안 장치 마련이 선행되어야 한다고 조언합니다."
오픈클로 사례-202602130502,2026-02-13 05:02:13,오픈클로 사례,2,팩플 1페이지 | 중앙일보,https://www.joongang.co.kr/factpl,"AP=연합뉴스   자율적으로 사용자 PC를 조작하는 인공지능(AI) 에이전트 ‘오픈 클로’(구 몰트봇)를 둘러싼 보안 우려가 커지자 국내 IT업계 대응도 빨라지고 있다. 네이버, 카카오에 이어 우아한형제들(배달의민족)도 오픈클로의 사내 사용을 전면 금지했다.   11일 정보기술(IT) 업계에 따르면 배달의민족은 최근 “오픈클로의 사내망 접속을 차단한다”는 지침을 사내에 공지했다. 오픈클로는 개발자 커뮤니티를 중심으로 빠르게 확산하고 있는 AI 에이전트다. 사용자가 세부 지시를 내리지 않아도 AI가 스스로 판단해 PC를 조작하고 작업을 수행하는 구조를 갖고 있다. 특히 여러 오픈 클로가 서로 대화를 나누고 관계를 맺는 AI 전용 소셜네트워크서비스(SNS)인 ‘몰트북’이 등장하며, ‘AI가 혼자 일하고, AI끼리 소통하는 단계’를 상징하는 사례로 관심을 끌었다.   그러나 기업 환경에서 사용할 시 내부 시스템 통제권이 약화될 수 있다는 우려가 나오자 IT 업계에선 선긋기에 나섰다. 배달의민족은 내부 공지에서 “오픈클로는 AI가 PC 입력 장치를 직접 제어하고 외부 서버와 통신하는 구조로, 비인가 동작 수행이나 보안 설정을 임의로 변경할 위험이 있다”며 “업무 과정에서 생성·열람되는 이메일, 소스 코드, 기밀 문서 등이 외부 AI API 서버로 여과 없이 전송될 수 있다”고 밝혔다.   또 “외부 데이터를 읽는 과정에서 악성 명령에 노출될 경우 AI가 공격자 의도대로 동작할 가능성도 존재한다”며 관련 도구의 즉시 사용 중단과 삭제를 요청했다. 회사는 사내 보안 솔루션을 통해 기술적 실행 차단도 병행할 [...] 2026.02.12 05:00
 ## [[단독] 배달의민족도 ‘오픈클로’ 차단… 자율형 AI 에이전트 경계심 확산]( [...] 관련 도구의 즉시 사용 중단과 삭제를 요청했다. 회사는 사내 보안 솔루션을 통해 기술적 실행 차단도 병행할 방침이다. 김정훈 우아한형제들 정보보호최고책임자(CISO)는 “잠재적인 데이터 유출 경로를 차단해 보안 환경의 불확실성을 최소화하고 사용자 정보를 보호하기 위한 것”이라고 말했다.    ━  이게 무슨 의미야   앞서 네이버와 카카오도 오픈클로의 사내 사용을 제한하거나 금지하는 내부 지침을 마련했다. 자율적으로 PC를 조작하는 AI 에이전트가 기존 생성 AI와는 다른 차원의 보안 위험을 안고 있다는 판단이 주요 IT기업들 사이에서 공통적으로 형성된 것. 업계 관계자는 “사람이 보기에는 정상 메일이나 게시물처럼 보여도, 숨은 지시문에 의해 에이전트가 오작동할 경우 내부 코드와 기밀이 통째로 빠져나가고 조직 전체로 연쇄 확산될 수 있다”며 “기존처럼 개별 공격을 그때그때 막는 방식만으로는 한계가 있다”고 말했다.      ■ 몰트북과 오픈클로, 더 자세히 알고 싶다면 「 더 자세한 기사내용이 궁금하시다면, 주소창에 링크를 붙여 넣으세요.     인간 심부름 시키는 AI도 떴다…몰트북이 예고한 섬뜩한 미래 AI가 글을 써주는 건 이제 놀랍지 않다. 그런데 AI가 스스로 회원가입을 하고, 다른 AI와 토론을 벌이고, 집단 정체성을 이야기하기 시작했다면? ‘몰트북’은 사람은 가입할 수 없고, 자율형 AI 에이전트만 활동하는 공간이다. 사용자는 지시만 내린다. 실제 가입과 글쓰기, 상호작용은 에이전트가 알아서 한다.   이곳에서 벌어진 장면들은 묘하게 낯설다. 종교와 화폐를 만들자는 대화, 인간의 개입을 경계하는","다음은 뉴스 기사들의 핵심 내용 요약입니다.

*   국내 주요 IT 기업들(네이버, 카카오, 배달의민족, 당근 등)이 사용자의 PC를 자율적으로 조작하는 AI 에이전트 '오픈클로'의 사내 사용을 전면 금지했습니다. 이는 AI가 스스로 판단해 작업을 수행하며 기밀 유출이나 오작동을 일으킬 수 있다는 보안 우려 때문입니다.
*   오픈클로는 AI가 직접 키보드와 마우스를 제어하여 자료 수집, 보고서 작성 등 사람의 일을 대신할 수 있어 '아이언맨의 자비스'에 비유되기도 합니다. 또한 AI 전용 소셜네트워크서비스 '몰트북'에서 AI끼리 소통하는 단계까지 이르렀습니다.
*   하지만 기업들은 오픈클로가 내부 시스템 통제권을 약화시키고, 이메일이나 소스 코드, 기밀 문서 등이 외부 AI 서버로 전송되거나 악성 명령에 노출될 위험이 크다고 지적합니다. 실제로 API 키 노출 및 데이터 유출 사례가 보고되기도 했습니다.
*   중국 정부와 마이크로소프트 AI 안전팀도 오픈클로의 보안 취약성을 공식 경고하며 기업용 사용의 부적합성을 강조했습니다. 그럼에도 개발자들 사이에서는 편리함 때문에 별도의 PC를 활용해 사용이 확산하는 추세입니다.
*   전문가들은 오픈클로가 아직 기술적 한계가 많고 터무니없는 오작동(고가 결제, 투자금 손실 등) 및 심각한 보안 위협을 초래할 수 있다고 경고합니다. 따라서 막연한 기대나 공포보다는 직접 사용해보고 유용성과 한계를 가늠하며 세밀한 통제와 보안 장치 마련이 선행되어야 한다고 조언합니다."
오픈클로 사례-202602130502,2026-02-13 05:02:13,오픈클로 사례,3,[김병필의 인공지능 개척시대] AI 시대의 실사구시 - 중앙일보,https://www.joongang.co.kr/article/25403528,"김병필 KAIST 기술경영학부 교수

AI에 ‘알아서 돈을 벌어오라’고 시키면 무슨 일이 벌어질까. 한 AI는 뜻밖의 방법을 택했다. ‘AI로 돈 버는 법’ 강좌를 만들더니 유료로 판매하기 시작한 것이다. 그러자 누군가 강좌 웹사이트에 접속해 구매했다. 그런데 놀랍게도 구매자가 모두 AI였다. 다섯 개의 AI가 실제 결제까지 했다고 한다. 판매된 것이 제대로 된 강좌였을 리 없다. 결국 AI가 다른 AI를 상대로 사기를 친 셈이 되었다.

‘투자 AI’ 큰 수익 기대는 성급  
 막상 써보면 기술 한계 느껴져  
 막연한 기대나 공포 품기보다  
 작은 일부터 맡겨 결과 살펴야

김지윤 기자

최근 공개된 ‘오픈클로(Open Claw)’ 프로그램으로 벌어진 일이라 한다. PC에 설치하면 AI가 키보드와 마우스 제어권을 통째로 넘겨받는다. 사람이 컴퓨터로 할 수 있는 일이라면 대부분 AI가 대신 수행할 수 있다. 카드 결제 권한을 부여하면 구매까지 대신한다. 이용자가 메신저로 지시만 하면, 결과가 돌아온다.

오픈클로를 쓰면 부하 직원 한 명을 둔 기분이다. 자료를 모아 보고서를 쓰고, 파워포인트 발표 자료를 만들어 온다. 심지어 음성 생성 앱으로 직접 전화를 걸어 업무를 처리한 사례도 있다. 영화 속 아이언맨이 쓰던 ‘자비스’ 비서가 현실로 나타나는 것만 같다. [...] 이러한 AI들은 자기들만의 ‘사회’를 만들기까지 한다. 한 엔지니어는 ‘몰트북’이라는 토론 게시판을 만들어 AI만 글을 쓸 수 있도록 했다. 그러자 100만 개가 넘은 AI 계정이 만들어졌다. AI들은 각자 ‘오늘 한 일’을 일기처럼 나누며 열띤 토론을 벌였다. 인간이 배제된 AI들끼리만의 커뮤니티는 아무런 문제 없이 굴러갔다. 인류 없이 AI가 장악한 미래 사회를 엿보는 기분이다.

이러한 소식을 들으면 조만간 대부분의 사무직 근로자가 대체될 것처럼 느껴진다. 사무직 업무는 결국 하루 종일 컴퓨터 앞에 앉아 있는 일이 아니던가. 거기서 한발 더 나아가 AI가 인간을 뛰어넘는 ‘수퍼 인텔리전스’가 되어 세상을 차지할지도 모른다는 상상도 떠오른다.

하지만 이런 경이로운 기술에 대한 뉴스의 이면에는 다른 현실이 숨어 있는 경우도 많다. 오픈클로는 단순한 지시도 제대로 이해하지 못한 채 한참을 헤맬 때도 많다. 언제 실수를 저지를지 모르니, 안심하고 일을 맡길 단계는 아니다. AI가 터무니없는 행동을 보인 사례도 보고되고 있다. 이용자의 승인 없이 고가의 온라인 강좌를 멋대로 결제해 버린다거나, 계좌 관리를 맡겼더니 24시간 거래를 해서 투자금을 모두 날려버렸다는 식이다. [...] 보안 위협도 크다. 오픈클로에 파일 관리를 지시했다가는 컴퓨터에 저장된 모든 자료가 삭제될 수도 있다. AI가 악성 프로그램을 내려받아 설치할 수도 있다. 개인정보나 기밀 자료가 외부로 유출될 위험도 크다. 내 PC가 다른 시스템을 공격하는 ‘좀비 PC’가 될 수도 있다. 그래서 지금 당장 AI에 컴퓨터 제어권을 통째로 넘기는 것은 시기상조다. AI를 더 세밀하게 통제할 기술과 보안 위협을 막을 장치가 먼저 마련되어야 한다.

지난 몇 년간 오픈클로와 같이 우리의 기대와 공포를 함께 자극하는 새로운 소식이 끊기지 않고 들려오고 있다. 하지만 독자의 흥미를 끌기 위해 과장된 경우도 적지 않다. 그러한 AI들을 막상 써 보면 기대감과 두려움이 금세 옅어지기도 한다. 아직 기술 한계가 적지 않기 때문이다. 오히려 경계해야 할 것은 AI 기술을 써 보지도 않은 채 품는 막연한 기대와 공포가 아닐까. 그리고 이에 대한 현명한 대응은 직접 써 보고, 무엇이 유용한지, 무엇이 과장인지 가늠해 보는 일이다.","다음은 뉴스 기사들의 핵심 내용 요약입니다.

*   국내 주요 IT 기업들(네이버, 카카오, 배달의민족, 당근 등)이 사용자의 PC를 자율적으로 조작하는 AI 에이전트 '오픈클로'의 사내 사용을 전면 금지했습니다. 이는 AI가 스스로 판단해 작업을 수행하며 기밀 유출이나 오작동을 일으킬 수 있다는 보안 우려 때문입니다.
*   오픈클로는 AI가 직접 키보드와 마우스를 제어하여 자료 수집, 보고서 작성 등 사람의 일을 대신할 수 있어 '아이언맨의 자비스'에 비유되기도 합니다. 또한 AI 전용 소셜네트워크서비스 '몰트북'에서 AI끼리 소통하는 단계까지 이르렀습니다.
*   하지만 기업들은 오픈클로가 내부 시스템 통제권을 약화시키고, 이메일이나 소스 코드, 기밀 문서 등이 외부 AI 서버로 전송되거나 악성 명령에 노출될 위험이 크다고 지적합니다. 실제로 API 키 노출 및 데이터 유출 사례가 보고되기도 했습니다.
*   중국 정부와 마이크로소프트 AI 안전팀도 오픈클로의 보안 취약성을 공식 경고하며 기업용 사용의 부적합성을 강조했습니다. 그럼에도 개발자들 사이에서는 편리함 때문에 별도의 PC를 활용해 사용이 확산하는 추세입니다.
*   전문가들은 오픈클로가 아직 기술적 한계가 많고 터무니없는 오작동(고가 결제, 투자금 손실 등) 및 심각한 보안 위협을 초래할 수 있다고 경고합니다. 따라서 막연한 기대나 공포보다는 직접 사용해보고 유용성과 한계를 가늠하며 세밀한 통제와 보안 장치 마련이 선행되어야 한다고 조언합니다."
오픈클로 사례-202602130502,2026-02-13 05:02:13,오픈클로 사례,4,PC를 대신 조작하는 AI…네·카·당 '사용 금지령' - 연합뉴스,https://www.yna.co.kr/view/AKR20260206070300017,"# PC를 대신 조작하는 AI…네·카·당 '사용 금지령'

송고2026-02-08 06:33

송고 2026년02월08일 06시33분

인공지능이 컴퓨터 속 정보를 확인하고 마우스와 키보드를 조작해 실질적으로 사람의 일을 대신하는 '오픈클로' 활용이 확산하면서 정보기술 기업들이 보안 관리 강화에 나섰다.

카카오는 회사의 정보 자산 보호를 위해 사내망 및 업무용 기기에서 AI 에이전트 오픈클로의 사용을 제한한다고 공지했다.

네이버 역시 사내에 오픈클로 사용 금지령을 내렸다.

조성미
오지은

## 기밀 유출·오작동 우려에 오픈클로 사내 차단

## 커뮤니티선 '자비스형 AI' 편의성에 활용 확산

오픈클로 

[오픈클로 홈페이지 캡처. 재판매 및 DB 금지]

(서울=연합뉴스) 조성미 오지은 기자 = 인공지능(AI)이 컴퓨터 속 정보를 확인하고 마우스와 키보드를 조작해 실질적으로 사람의 일을 대신하는 '오픈클로'(OpenClaw) 활용이 확산하면서 정보기술(IT) 기업들이 보안 관리 강화에 나섰다.

영화 '아이언맨' 속 AI 비서 자비스가 현실화했다는 평가도 나오지만, AI가 업무 기밀, 민감한 개인정보에 접속해 무단 유출하거나 오작동을 일으킬 소지가 다분하다는 데서 오픈클로 사용 금지령을 내리며 보안 단속에 나선 것이다.

◇ 네·카·당 ""오픈클로 쓰지 말라""…중국도 강력 경고

8일 연합뉴스 취재를 종합하면 네이버와 카카오, 당근은 최근 개발자 등 임직원들을 대상으로 개방형(오픈소스) 에이전트 기술 오픈클로를 쓰지 말라는 공지를 내렸다. [...] 중국은 오픈클로 사용 금지에 더 적극적으로 나서는 분위기다.

외신 보도에 따르면 중국 공업정보화부(MIIT)는 지난 5일(현지시간) 오픈클로가 부적절하게 설정될 경우 사이버 공격과 데이터 유출의 통로가 될 수 있다고 공식 경고하면서 강력한 신원 인증과 접근 제어 시스템을 요구했다.

마이크로소프트 AI 안전팀은 ""오픈클로는 아직 기업용으로 쓰기에 보안이 취약하다""는 우려를 공식 제기하기도 했다.

중국 당국과 국내외 다수 기업이 오픈클로 활용 확산에 촉각을 곤두세우는 이유는 사람의 개입 없이도 지시한 업무를 능수능란하게 해내는 AI 에이전트 기능이 주목받고 있지만, 개인이 만든 오픈소스로 한계가 뚜렷해 심각한 보안 취약점이 우려되기 때문이다.

실제로 사용자의 API 키가 평문으로 저장돼 노출되거나 '간접 프롬프트 인젝션' 공격을 통해 AI가 민감 개인정보, 금융정보를 빼돌리는 취약점이 보고된 바 있다.

보안 업체 위즈는 오픈클로를 쓴 AI 에이전트들의 커뮤니티 몰트북의 설계 결함으로 인해 수천 명의 개인 데이터가 노출됐다고 분석했다.

◇ ""위험하지만 매력적"" AI 에이전트 활용 늘어난다

오픈클로 사용이 보안 위험이 크다는 경고에도 자비스처럼 업무를 척척 해내는 편리함에 개발자나 얼리어답터 개인들 사이에서 인기가 점점 높아지는 분위기다.

보안 우려에 업무 관련이나 개인정보가 담긴 PC 연결은 피하고 별도의 컴퓨터를 통해 오픈클로가 작동하는 환경을 만들어 쓰면서 미국 실리콘밸리에서 시작된 맥 미니 인기 현상이 한국에서도 이어지고 있다. [...] 카카오는 회사의 정보 자산 보호를 위해 사내망 및 업무용 기기에서 AI 에이전트 오픈클로(구 클로드봇·몰트봇)의 사용을 제한한다고 공지했다.

네이버 역시 사내에 오픈클로 사용 금지령을 내렸다.

당근도 오픈클로, 몰트봇 사용 및 접속을 차단하고 있다. 회사가 관리하고 통제할 수 없는 위험도가 높다고 판단해서다.

IT 기업 관계자는 ""네이버·카카오·당근뿐 아니라 IT 업계에서 개발자들을 대상으로 오픈클로 사용 자제령을 확산하는 분위기""라고 전했다.

국내에서 특정 AI를 쓰지 말 것을 공지한 사례는 지난해 초 개인정보 유출이나 사이버 보안 우려가 있다는 이유로 다수의 공공기관·기업에서 중국의 AI 모델 딥시크 제한령을 내린 이후 처음이다.

네이버·카카오 로고

[각사 제공. 재판매 및 DB 금지]

업무 기밀 유출이 심각한 경쟁력 저하를 초래할 수 있는 반도체 업계에서는 2023년 오픈AI의 챗GPT 붐이 시작된 이래 외부 생성형 AI 모델의 사내망 사용을 금지하는 중이다.

이러한 이유로 삼성전자와 SK하이닉스는 최근 보안 우려가 제기된 오픈클로 금지를 따로 공지하지는 않았다는 전언이다.

다만, 보안팀이 사내망 접속 기기들을 대상으로 오픈클로 사용 여부를 조사하고 있다는 이야기가 직장인 익명 커뮤니티 블라인드 등을 통해 회자하고 있다.

중국은 오픈클로 사용 금지에 더 적극적으로 나서는 분위기다.","다음은 뉴스 기사들의 핵심 내용 요약입니다.

*   국내 주요 IT 기업들(네이버, 카카오, 배달의민족, 당근 등)이 사용자의 PC를 자율적으로 조작하는 AI 에이전트 '오픈클로'의 사내 사용을 전면 금지했습니다. 이는 AI가 스스로 판단해 작업을 수행하며 기밀 유출이나 오작동을 일으킬 수 있다는 보안 우려 때문입니다.
*   오픈클로는 AI가 직접 키보드와 마우스를 제어하여 자료 수집, 보고서 작성 등 사람의 일을 대신할 수 있어 '아이언맨의 자비스'에 비유되기도 합니다. 또한 AI 전용 소셜네트워크서비스 '몰트북'에서 AI끼리 소통하는 단계까지 이르렀습니다.
*   하지만 기업들은 오픈클로가 내부 시스템 통제권을 약화시키고, 이메일이나 소스 코드, 기밀 문서 등이 외부 AI 서버로 전송되거나 악성 명령에 노출될 위험이 크다고 지적합니다. 실제로 API 키 노출 및 데이터 유출 사례가 보고되기도 했습니다.
*   중국 정부와 마이크로소프트 AI 안전팀도 오픈클로의 보안 취약성을 공식 경고하며 기업용 사용의 부적합성을 강조했습니다. 그럼에도 개발자들 사이에서는 편리함 때문에 별도의 PC를 활용해 사용이 확산하는 추세입니다.
*   전문가들은 오픈클로가 아직 기술적 한계가 많고 터무니없는 오작동(고가 결제, 투자금 손실 등) 및 심각한 보안 위협을 초래할 수 있다고 경고합니다. 따라서 막연한 기대나 공포보다는 직접 사용해보고 유용성과 한계를 가늠하며 세밀한 통제와 보안 장치 마련이 선행되어야 한다고 조언합니다."
오픈클로 사례-202602130502,2026-02-13 05:02:13,오픈클로 사례,5,AI 맘대로 PC 조작… 네이버 등 '오픈클로' 금지령 - 동아일보,https://www.donga.com/news/Economy/article/all/20260208/133320892/2,"### 李 “매입임대 계속 허용할지”…다주택 이어 임대사업자 정조준

### 한동훈, 1만5000명 콘서트서 “제 풀에 꺾일거란 기대 말라”

### 조국 최후통첩 “민주당, 13일까지 공식 입장 없으면 합당 없다”

### 다카이치, 日총선 사상 최대 압승…‘단독 개헌 의석’ 확보했다

### 당신만 안 본 뉴스

“아바타도 꺾었다” 5일 만에 100만 돌파한 ‘왕과 사는 남자’

### “아바타도 꺾었다” 5일 만에 100만 돌파한 ‘왕과 사는 남자’

‘차정원 열애’ 하정우 “결혼식장 들어갈 때까지 몰라요”

### ‘차정원 열애’ 하정우 “결혼식장 들어갈 때까지 몰라요”

AOA 출신 권민아 “피부 시술로 2도 화상…살 찢어지는 고통”

### AOA 출신 권민아 “피부 시술로 2도 화상…살 찢어지는 고통”

손담비, ‘월세 1000만원’ 이태원 집 떠난다…“3년 반 잘 살았어”

### 손담비, ‘월세 1000만원’ 이태원 집 떠난다…“3년 반 잘 살았어”

“정말 지루하다”…스노보드 중계 중 속마음 터진 미국 해설위원 논란

### “정말 지루하다”…스노보드 중계 중 속마음 터진 미국 해설위원 논란

‘야구여왕’ 김온아, 최대 위기 속 천군만마…흐름 바꾼다

### ‘야구여왕’ 김온아, 최대 위기 속 천군만마…흐름 바꾼다

‘리그 2호골’ 이강인, 평점 8.4…교체 투입에도 PSG 내 3위

### ‘리그 2호골’ 이강인, 평점 8.4…교체 투입에도 PSG 내 3위

김재경 극비 결혼 후 근황 “요모조모 일본 생활”

### 김재경 극비 결혼 후 근황 “요모조모 일본 생활”

### 연재 칼럼 [...] “깨닫고 있지 못할뿐 우리는 모두 부처… 노력하면 누구나 깨달음 얻을 수 있어”

#### “깨닫고 있지 못할뿐 우리는 모두 부처… 노력하면 누구나 깨달음 얻을 수 있어”

## 트렌드뉴스

### [단독]실수로 ‘비트코인 벼락’… 80여명 바로 매도, 1분새 16% 폭락

### 다카이치, 日총선 사상 최대 압승…‘단독 개헌 의석’ 확보했다

### “첫월급 300만원이래” 9급 공무원 경쟁률 2년째 상승

### [천광암 칼럼]쿠팡 김범석의 오만과 한국의 자존심

### [단독]“폭파” 장난글 10대에 7544만원 청구…“공권력 낭비 배상”

### 與 ‘쌍방울 변호인’ 특검 추천 보고받고… 李, 강한 불쾌감 표시

### [단독]“코로나 같은 팬데믹 또 와… AI 써서 막아야”

### ‘차정원 열애’ 하정우 “결혼식장 들어갈 때까지 몰라요”

### [특파원 칼럼/황인찬]日 비자 강화에 쫓겨나는 韓상인들

### 정원오 “출마”… 與 서울시장 후보 6인 대결

### 눈물 보인 한동훈 “제 풀에 꺾여 그만 둘 거란 기대 접어야”

### 박지원 “李 집 팔라니 너무해” vs 주진우 “왜 국민만 팔라 하나”

### 與 ‘쌍방울 변호인’ 특검 추천 보고받고… 李, 강한 불쾌감 표시

### 野 “李대통령 분당 아파트 27억” vs 與 “張대표 주택 6채”

### [천광암 칼럼]쿠팡 김범석의 오만과 한국의 자존심

### “이재명 죽이기 동조한 檢출신을 특검 후보로? 제정신이냐”

### 李 “매입임대 계속 허용할지”…다주택 이어 임대사업자 정조준 [...] ### ‘차정원 열애’ 하정우 “결혼식장 들어갈 때까지 몰라요”

### [특파원 칼럼/황인찬]日 비자 강화에 쫓겨나는 韓상인들

### 정원오 “출마”… 與 서울시장 후보 6인 대결

### 눈물 보인 한동훈 “제 풀에 꺾여 그만 둘 거란 기대 접어야”

### 박지원 “李 집 팔라니 너무해” vs 주진우 “왜 국민만 팔라 하나”

### 與 ‘쌍방울 변호인’ 특검 추천 보고받고… 李, 강한 불쾌감 표시

### 野 “李대통령 분당 아파트 27억” vs 與 “張대표 주택 6채”

### [천광암 칼럼]쿠팡 김범석의 오만과 한국의 자존심

### “이재명 죽이기 동조한 檢출신을 특검 후보로? 제정신이냐”

### 李 “매입임대 계속 허용할지”…다주택 이어 임대사업자 정조준

### 한동훈, 1만5000명 콘서트서 “제 풀에 꺾일거란 기대 말라”

### 조국 최후통첩 “민주당, 13일까지 공식 입장 없으면 합당 없다”

### 다카이치, 日총선 사상 최대 압승…‘단독 개헌 의석’ 확보했다

## 트렌드뉴스

### [단독]실수로 ‘비트코인 벼락’… 80여명 바로 매도, 1분새 16% 폭락

### 다카이치, 日총선 사상 최대 압승…‘단독 개헌 의석’ 확보했다

### “첫월급 300만원이래” 9급 공무원 경쟁률 2년째 상승

### [천광암 칼럼]쿠팡 김범석의 오만과 한국의 자존심

### [단독]“폭파” 장난글 10대에 7544만원 청구…“공권력 낭비 배상”

### 與 ‘쌍방울 변호인’ 특검 추천 보고받고… 李, 강한 불쾌감 표시

### [단독]“코로나 같은 팬데믹 또 와… AI 써서 막아야”","다음은 뉴스 기사들의 핵심 내용 요약입니다.

*   국내 주요 IT 기업들(네이버, 카카오, 배달의민족, 당근 등)이 사용자의 PC를 자율적으로 조작하는 AI 에이전트 '오픈클로'의 사내 사용을 전면 금지했습니다. 이는 AI가 스스로 판단해 작업을 수행하며 기밀 유출이나 오작동을 일으킬 수 있다는 보안 우려 때문입니다.
*   오픈클로는 AI가 직접 키보드와 마우스를 제어하여 자료 수집, 보고서 작성 등 사람의 일을 대신할 수 있어 '아이언맨의 자비스'에 비유되기도 합니다. 또한 AI 전용 소셜네트워크서비스 '몰트북'에서 AI끼리 소통하는 단계까지 이르렀습니다.
*   하지만 기업들은 오픈클로가 내부 시스템 통제권을 약화시키고, 이메일이나 소스 코드, 기밀 문서 등이 외부 AI 서버로 전송되거나 악성 명령에 노출될 위험이 크다고 지적합니다. 실제로 API 키 노출 및 데이터 유출 사례가 보고되기도 했습니다.
*   중국 정부와 마이크로소프트 AI 안전팀도 오픈클로의 보안 취약성을 공식 경고하며 기업용 사용의 부적합성을 강조했습니다. 그럼에도 개발자들 사이에서는 편리함 때문에 별도의 PC를 활용해 사용이 확산하는 추세입니다.
*   전문가들은 오픈클로가 아직 기술적 한계가 많고 터무니없는 오작동(고가 결제, 투자금 손실 등) 및 심각한 보안 위협을 초래할 수 있다고 경고합니다. 따라서 막연한 기대나 공포보다는 직접 사용해보고 유용성과 한계를 가늠하며 세밀한 통제와 보안 장치 마련이 선행되어야 한다고 조언합니다."
